CREATE TABLE NIVEAU (
    NOM_NIVEAU CHAR(20) NOT NULL,
    PRIMARY KEY (NOM_NIVEAU)
);

CREATE TABLE GROUPE (
    ID_GROUPE INTEGER NOT NULL,
    NUMERO_GROUPE INTEGER,
    NOM_NIVEAU CHAR(20),
    PRIMARY KEY (ID_GROUPE),
    FOREIGN KEY (NOM_NIVEAU) REFERENCES NIVEAU (NOM_NIVEAU)
);

CREATE TABLE ELEVE (
    ID_ELEVE INTEGER NOT NULL,
    NOM_ELEVE CHAR(20),
    PRENOM_ELEVE CHAR(20),
    ID_GROUPE INTEGER,
    PRIMARY KEY (ID_ELEVE),
    FOREIGN KEY (ID_GROUPE) REFERENCES GROUPE (ID_GROUPE)
);

CREATE TABLE JOUR (
    NOM_JOUR CHAR(8) NOT NULL,
    PRIMARY KEY (NOM_JOUR)
);

CREATE TABLE TRANCHE_HORAIRE (
    ID_TRANCHE_HORAIRE INTEGER NOT NULL,
    HD_TRANCHE_HORAIRE INTEGER,
    HF_TRANCHE_HORAIRE INTEGER,
    PRIMARY KEY (ID_TRANCHE_HORAIRE)
);

CREATE TABLE ENSEIGNANT (
    NOM_ENSEIGNANT CHAR(20) NOT NULL,
    PRENOM_ENSEIGNANT CHAR(20),
    PRIMARY KEY (NOM_ENSEIGNANT)
);

CREATE TABLE MATIERE (
    NOM_MATIERE CHAR(20) NOT NULL,
    PRIMARY KEY (NOM_MATIERE)
);

CREATE TABLE SALLE (
    NOM_SALLE CHAR(20) NOT NULL,
    LOGO_SALLE CHAR(40),
    PRIMARY KEY (NOM_SALLE)
);

CREATE TABLE TYPE_MATIERE (
    TYPE CHAR(2) NOT NULL,
    PRIMARY KEY (TYPE)
);

CREATE TABLE ENSEIGNER (
    NOM_MATIERE CHAR(20) NOT NULL,
    NOM_ENSEIGNANT CHAR(20) NOT NULL,
    PRIMARY KEY (NOM_MATIERE,  NOM_ENSEIGNANT),
    FOREIGN KEY (NOM_MATIERE) REFERENCES MATIERE (NOM_MATIERE),
    FOREIGN KEY (NOM_ENSEIGNANT) REFERENCES ENSEIGNANT (NOM_ENSEIGNANT)
);

CREATE TABLE COURS (
    ID_TRANCHE_HORAIRE INTEGER NOT NULL ,
    ID_GROUPE INTEGER NOT NULL,
    NOM_JOUR CHAR(10) NOT NULL ,
    NOM_MATIERE CHAR(20) NOT NULL ,
    NOM_SALLE CHAR(20) NOT NULL ,
    TYPE CHAR(2) NOT NULL,
    FOREIGN KEY (ID_GROUPE) REFERENCES GROUPE (ID_GROUPE),
    FOREIGN KEY (ID_TRANCHE_HORAIRE) REFERENCES TRANCHE_HORAIRE (ID_TRANCHE_HORAIRE),
    FOREIGN KEY (NOM_JOUR) REFERENCES JOUR (NOM_JOUR),
    FOREIGN KEY (NOM_MATIERE) REFERENCES MATIERE (NOM_MATIERE),
    FOREIGN KEY (NOM_SALLE) REFERENCES SALLE (NOM_SALLE),
    FOREIGN KEY (TYPE) REFERENCES TYPE_MATIERE (TYPE)

);


INSERT INTO ELEVE VALUES(1,'ACKER','ARNAUD',1);
INSERT INTO ELEVE VALUES(2,'ANDRIAMIANDRARIVO','HUBERT BRAYAN',2);
INSERT INTO ELEVE VALUES(3,'ANDRIOLO','CAROLINE',1);
INSERT INTO ELEVE VALUES(4,'AULEN','LUCAS',2);
INSERT INTO ELEVE VALUES(5,'AYDIN','KADIR',1);
INSERT INTO ELEVE VALUES(6,'BALSON','YANN',1);
INSERT INTO ELEVE VALUES(7,'BITON','JOCELYN',1);
INSERT INTO ELEVE VALUES(8,'BORGONDO','DAVID',4);
INSERT INTO ELEVE VALUES(9,'BOULAAJOUL','BADR',3);
INSERT INTO ELEVE VALUES(10,'BUTTANI','JUSTINE',2);
INSERT INTO ELEVE VALUES(11,'CLAUDE','LEO',4);
INSERT INTO ELEVE VALUES(12,'CRAGNOLINI','JULIEN',1);
INSERT INTO ELEVE VALUES(13,'DE CHENERILLES','PABLO',4);
INSERT INTO ELEVE VALUES(14,'DEVEZE','KILLIAN',2);
INSERT INTO ELEVE VALUES(15,'DIETSCHIN','VALENTIN',2);
INSERT INTO ELEVE VALUES(16,'ESCHKE','THOMAS ',1);
INSERT INTO ELEVE VALUES(17,'FACHE','BRUNO',4);
INSERT INTO ELEVE VALUES(18,'FERNANDES','YOANN',1);
INSERT INTO ELEVE VALUES(19,'FREYMANN','LUDWIG',1);
INSERT INTO ELEVE VALUES(20,'FUCHS','EMILIEN',3);
INSERT INTO ELEVE VALUES(21,'GALATI','GAETAN',3);
INSERT INTO ELEVE VALUES(22,'GAU','PIERRE-ALAIN',4);
INSERT INTO ELEVE VALUES(23,'GAWLIK','ALEXIS',4);
INSERT INTO ELEVE VALUES(24,'GERGES','CELINE',2);
INSERT INTO ELEVE VALUES(25,'GOETZ','THIBAUD',4);
INSERT INTO ELEVE VALUES(26,'GRIMAZ','JEREMIE',2);
INSERT INTO ELEVE VALUES(27,'HAAS','MATHIEU',2);
INSERT INTO ELEVE VALUES(28,'HAJNAL','FLORIAN',3);
INSERT INTO ELEVE VALUES(29,'HELFER','ANTOINE',4);
INSERT INTO ELEVE VALUES(30,'HOEL','JULIEN',1);
INSERT INTO ELEVE VALUES(31,'HOSSANN','VINCENT',4);
INSERT INTO ELEVE VALUES(32,'ISS','FIONA',3);
INSERT INTO ELEVE VALUES(33,'KAYSER','MATTHIEU',3);
INSERT INTO ELEVE VALUES(34,'LAMARRE','BENOIT',4);
INSERT INTO ELEVE VALUES(35,'LASKOWSKI','AXEL',1);
INSERT INTO ELEVE VALUES(36,'LORANGE','PAULINE',2);
INSERT INTO ELEVE VALUES(37,'MADER','MAXIME',2);
INSERT INTO ELEVE VALUES(38,'MAGGAY','CEDRIC',3);
INSERT INTO ELEVE VALUES(39,'MATHIEU','TRISTAN',2);
INSERT INTO ELEVE VALUES(40,'MOCK','ROMAIN',2);
INSERT INTO ELEVE VALUES(41,'NOIRET-LEMAIRE','LENNY',2);
INSERT INTO ELEVE VALUES(42,'NOYON','NATHAN',1);
INSERT INTO ELEVE VALUES(43,'PROB','BASTIEN',1);
INSERT INTO ELEVE VALUES(44,'QUENET','RAPHAEL',4);
INSERT INTO ELEVE VALUES(45,'ROCHAS','VALENTIN',3);
INSERT INTO ELEVE VALUES(46,'ROUX','ANTHONY',2);
INSERT INTO ELEVE VALUES(47,'SAINT JULIEN','JOFFREY',2);
INSERT INTO ELEVE VALUES(48,'SCHEER-ALM','BENJAMIN CLAUDE',3);
INSERT INTO ELEVE VALUES(49,'SCHNEE','LOUIS',4);
INSERT INTO ELEVE VALUES(50,'SIMON','PIERRE-ANDRE',3);
INSERT INTO ELEVE VALUES(51,'UBRIG','JORIC',1);
INSERT INTO ELEVE VALUES(52,'VELTZ','QUENTIN',4);
INSERT INTO ELEVE VALUES(53,'VIE','LOIC',3);
INSERT INTO ELEVE VALUES(54,'VINDIGNI','FABIO',4);
INSERT INTO ELEVE VALUES(55,'VIRION','LOUIS',1);
INSERT INTO ELEVE VALUES(56,'WALLISCH','ALEXIS',3);
INSERT INTO ELEVE VALUES(57,'WERLY','TOMELINE',3);
INSERT INTO ELEVE VALUES(58,'WILHELM','STEPHANE',4);
INSERT INTO ELEVE VALUES(59,'ZIMMER','NOE',3);
INSERT INTO ELEVE VALUES(60,'ALVES','GUILLAUME',2);
INSERT INTO ELEVE VALUES(61,'BARTHLEN','ARTHUR',2);
INSERT INTO ELEVE VALUES(62,'BAZIN','MAXIME',1);
INSERT INTO ELEVE VALUES(63,'DENNY','THIBAUT',2);
INSERT INTO ELEVE VALUES(64,'ELBERTSE','ALEXY',2);
INSERT INTO ELEVE VALUES(65,'GIOVINAZZO','ALEXIS',1);
INSERT INTO ELEVE VALUES(66,'GUERRERO','MAXIME',1);
INSERT INTO ELEVE VALUES(67,'HERNANDEZ','ALEXIS',2);
INSERT INTO ELEVE VALUES(68,'HERRMANN','FLORIAN',1);
INSERT INTO ELEVE VALUES(69,'KERGROHEN','PIERRE-YVES',1);
INSERT INTO ELEVE VALUES(70,'LAMOUR','ANTHONY',1);
INSERT INTO ELEVE VALUES(71,'MARTIN','ALEXANDRE',1);
INSERT INTO ELEVE VALUES(72,'MONNIER','LAETITIA',2);
INSERT INTO ELEVE VALUES(73,'MORICONI','LENNY',2);
INSERT INTO ELEVE VALUES(74,'PIN','KILLIAN',2);
INSERT INTO ELEVE VALUES(75,'RINCK','ADRIEN',2);
INSERT INTO ELEVE VALUES(76,'ROCHE','CHARLES',1);
INSERT INTO ELEVE VALUES(77,'TRICHET','FLORENTIN',2);
INSERT INTO ELEVE VALUES(78,'UNALAN','GOKHAN',1);
INSERT INTO ELEVE VALUES(79,'WAHLER','ADRIAN',2);
INSERT INTO ELEVE VALUES(80,'WEILER','WILLIAM',1);
INSERT INTO ELEVE VALUES(81,'WENDLING','BRUNO',1);
INSERT INTO ELEVE VALUES(82,'ACKERMANN','PIERRE',1);
INSERT INTO ELEVE VALUES(83,'BALTA','CINDY',2);
INSERT INTO ELEVE VALUES(84,'BOURGUIGNON','KEVIN',1);
INSERT INTO ELEVE VALUES(85,'BRIOT','ANTHONY',1);
INSERT INTO ELEVE VALUES(86,'BRIOTTET','ANTOINE',1);
INSERT INTO ELEVE VALUES(87,'CAILLAUD','JEAN-BAPTISTE',2);
INSERT INTO ELEVE VALUES(88,'CHEUNG','TEVA',1);
INSERT INTO ELEVE VALUES(89,'CHOUFFERT','TRISTAN',1);
INSERT INTO ELEVE VALUES(90,'FELLRATH','JONATHAN',1);
INSERT INTO ELEVE VALUES(91,'FOUBERT','GUILLAUME',1);
INSERT INTO ELEVE VALUES(92,'JUNG','LUCAS',1);
INSERT INTO ELEVE VALUES(93,'KLEINCLAUS','FLORENT',2);
INSERT INTO ELEVE VALUES(94,'KRETZ','TEO',1);
INSERT INTO ELEVE VALUES(95,'MURE','LUCAS',2);
INSERT INTO ELEVE VALUES(96,'RENCUREL','PIERRE',2);
INSERT INTO ELEVE VALUES(97,'RENNER','JULIEN',1);
INSERT INTO ELEVE VALUES(98,'RIETSCH','VIRGILE',2);
INSERT INTO ELEVE VALUES(99,'SCHMIDT','ARNAUD',2);
INSERT INTO ELEVE VALUES(100,'STADELMANN','LOUIS',1);
INSERT INTO ELEVE VALUES(101,'SUTTERLIN','SEBASTIEN',2);
INSERT INTO ELEVE VALUES(102,'TAUPENOT','FLAVIEN',2);
INSERT INTO ELEVE VALUES(103,'WEBER','MAX',2);
INSERT INTO ELEVE VALUES(104,'DOMINGO','ALICE',1);
INSERT INTO ELEVE VALUES(105,'GAMPER','REBECCA',1);
INSERT INTO ELEVE VALUES(106,'GRASSET','JORDAN',1);
INSERT INTO ELEVE VALUES(107,'HAEHNEL','VALENTIN',1);
INSERT INTO ELEVE VALUES(108,'JEHL','REGIS',1);
INSERT INTO ELEVE VALUES(109,'PALMITESSA','LUCAS',1);
INSERT INTO ELEVE VALUES(110,'SANCHEZ','INES',1);
INSERT INTO ELEVE VALUES(111,'STEPHAN','PAUL',1);


INSERT INTO ENSEIGNANT VALUES('LEHMANN','NICOLAS');
INSERT INTO ENSEIGNANT VALUES('MADEMBO','GRACE');
INSERT INTO ENSEIGNANT VALUES('LOTH','NICOLAS');
INSERT INTO ENSEIGNANT VALUES('MULLER','CHARLEY');
INSERT INTO ENSEIGNANT VALUES('BESMOND','MARINE');
INSERT INTO ENSEIGNANT VALUES('IWASZKO','THOMAS');
INSERT INTO ENSEIGNANT VALUES('DENTINGER','EMELYNE');
INSERT INTO ENSEIGNANT VALUES('HATTON','JEROME');



INSERT INTO ENSEIGNER VALUES('WEB','HATTON');
INSERT INTO ENSEIGNER VALUES('WEB','LEHMANN');
INSERT INTO ENSEIGNER VALUES('WEB','MADEMBO');
INSERT INTO ENSEIGNER VALUES('C','HATTON');
INSERT INTO ENSEIGNER VALUES('C','LEHMANN');
INSERT INTO ENSEIGNER VALUES('ALGO','HATTON');
INSERT INTO ENSEIGNER VALUES('ALGO','LEHMANN');
INSERT INTO ENSEIGNER VALUES('ALGO','MADEMBO');
INSERT INTO ENSEIGNER VALUES('ANGLAIS','DENTINGER');
INSERT INTO ENSEIGNER VALUES('ANGLAIS','HATTON');
INSERT INTO ENSEIGNER VALUES('ANGLAIS','MULLER');
INSERT INTO ENSEIGNER VALUES('JAPONAIS','BESMOND');
INSERT INTO ENSEIGNER VALUES('GAME DESIGN','LOTH');
INSERT INTO ENSEIGNER VALUES('EUROPE','MULLER');
INSERT INTO ENSEIGNER VALUES('APPLI MOBILE','HATTON');
INSERT INTO ENSEIGNER VALUES('APPLI MOBILE','LEHMANN');
INSERT INTO ENSEIGNER VALUES('APPLI MOBILE','MADEMBO');
INSERT INTO ENSEIGNER VALUES('C++','HATTON');
INSERT INTO ENSEIGNER VALUES('C++','LEHMANN');
INSERT INTO ENSEIGNER VALUES('C#','HATTON');
INSERT INTO ENSEIGNER VALUES('C#','IWASZKO');
INSERT INTO ENSEIGNER VALUES('C#','LEHMANN');
INSERT INTO ENSEIGNER VALUES('C#','MADEMBO');
INSERT INTO ENSEIGNER VALUES('JAVA','HATTON');
INSERT INTO ENSEIGNER VALUES('JAVA','LEHMANN');
INSERT INTO ENSEIGNER VALUES('JAVA','MADEMBO');
INSERT INTO ENSEIGNER VALUES('IA','HATTON');
INSERT INTO ENSEIGNER VALUES('IA','IWASZKO');
INSERT INTO ENSEIGNER VALUES('IA','LEHMANN');
INSERT INTO ENSEIGNER VALUES('IA','MADEMBO');

INSERT INTO GROUPE VALUES(1,1,'F1');
INSERT INTO GROUPE VALUES(2,2,'F1');
INSERT INTO GROUPE VALUES(3,3,'F1');
INSERT INTO GROUPE VALUES(4,4,'F1');
INSERT INTO GROUPE VALUES(5,1,'F2');
INSERT INTO GROUPE VALUES(6,2,'F2');
INSERT INTO GROUPE VALUES(7,1,'F3');
INSERT INTO GROUPE VALUES(8,2,'F3');
INSERT INTO GROUPE VALUES(9,1,'M1');
INSERT INTO GROUPE VALUES(10,1,'M2');

INSERT INTO JOUR VALUES('LUNDI');
INSERT INTO JOUR VALUES('MARDI');
INSERT INTO JOUR VALUES('MERCREDI');
INSERT INTO JOUR VALUES('JEUDI');
INSERT INTO JOUR VALUES('VENDREDI');
INSERT INTO JOUR VALUES('SAMEDI');
INSERT INTO JOUR VALUES('DIMANCHE');

INSERT INTO MATIERE VALUES('WEB');
INSERT INTO MATIERE VALUES('C');
INSERT INTO MATIERE VALUES('ALGO');
INSERT INTO MATIERE VALUES('ANGLAIS');
INSERT INTO MATIERE VALUES('JAPONAIS');
INSERT INTO MATIERE VALUES('GAME DESIGN');
INSERT INTO MATIERE VALUES('EUROPE');
INSERT INTO MATIERE VALUES('APPLI MOBILE');
INSERT INTO MATIERE VALUES('C++');
INSERT INTO MATIERE VALUES('C#');
INSERT INTO MATIERE VALUES('JAVA');
INSERT INTO MATIERE VALUES('IA');

INSERT INTO NIVEAU VALUES('F1');
INSERT INTO NIVEAU VALUES('F2');
INSERT INTO NIVEAU VALUES('BACHELOR1');
INSERT INTO NIVEAU VALUES('MASTER1');
INSERT INTO NIVEAU VALUES('MASTER2');
INSERT INTO NIVEAU VALUES('DOCTORAT1');
INSERT INTO NIVEAU VALUES('DOCTORAT2');
INSERT INTO NIVEAU VALUES('DOCTORAT3');

INSERT INTO SALLE VALUES('SONIC',' ');
INSERT INTO SALLE VALUES('KIRBY',' ');
INSERT INTO SALLE VALUES('LARA CROFT',' ');
INSERT INTO SALLE VALUES('VR',' ');
INSERT INTO SALLE VALUES('LAYTON',' ');
INSERT INTO SALLE VALUES('POKEMON',' ');
INSERT INTO SALLE VALUES('LINK',' ');
INSERT INTO SALLE VALUES('QUBERT',NULL);

INSERT INTO TRANCHE_HORAIRE VALUES(1,9,11);
INSERT INTO TRANCHE_HORAIRE VALUES(2,11,13);
INSERT INTO TRANCHE_HORAIRE VALUES(3,14,16);
INSERT INTO TRANCHE_HORAIRE VALUES(4,16,18);
INSERT INTO TRANCHE_HORAIRE VALUES(5,18,20);

INSERT INTO TYPE_MATIERE VALUES('CM');
INSERT INTO TYPE_MATIERE VALUES('TP');


//d'autres commandes utiles

DELETE FROM 'jour' WHERE 'jour'.'NOM_JOUR' = 'DIMANCHE';
TRUNCATE 'jour';
DROP TABLE ' jour';
SELECT COUNT('ID_ELEVE') FROM 'eleve';


